,A,B,C,D
2000-01-01,0.6628859127089319,0.3681879183480597,1.9656546262858337,1.580675052999479
2000-01-02,0.17928214525010017,-1.791926659739453,1.8824304075221687,2.719099998237997
2000-01-03,-0.10784659852669498,-2.8676369040468144,0.7622422109751104,2.596618724116123
2000-01-04,-1.858214085843649,-2.8186094187852953,0.3830598694042744,2.847010145405001
2000-01-05,-3.295744042040093,-3.8649090832514057,-0.5052478642253968,2.27237523628648
2000-01-06,-1.7745082524744038,-4.443602324502461,-0.5903066625964979,5.130526409118473
2000-01-07,-3.668712745399396,-4.207482364217617,1.1919681470366499,4.31100160282979
2000-01-08,-3.6121654661109304,-4.62960212384153,0.41265446802811123,3.1473842715651195
2000-01-09,-4.282029203623799,-5.4333305792910895,1.0165461874819206,3.1755934909678416
2000-01-10,-5.493899605067094,-5.945693286977087,1.5234395118617559,2.2050120042435037
2000-01-11,-3.726189340319241,-7.783835721389198,3.21352760438551,2.579743311755705
2000-01-12,-3.768467405863257,-8.249040677859002,3.25753883120911,2.013383130434505
2000-01-13,-3.812678174890455,-8.312210841753062,1.3043285427165936,4.3469870465447
2000-01-14,-2.270548446414039,-8.34465025695076,0.3830773710128714,5.680322414794382
2000-01-15,-3.1166172964833545,-9.92760433410867,0.6881648536475165,4.944039704441036
2000-01-16,-2.876024291916305,-9.61004143127511,2.0793850512850325,5.808787541632929
2000-01-17,-3.209204745891668,-9.906362182834663,0.7866039114935124,5.208484901371314
2000-01-18,-3.4528107959998358,-10.192175105964436,2.2465155937074472,3.5443510311193136
2000-01-19,-2.4238807633625163,-12.045096366203602,1.792228957997572,2.3271825991306785
2000-01-20,-1.8862011908187806,-12.920269366358248,1.8930386923947617,2.1921298895936876
2000-01-21,-2.1033269563708776,-13.133749009712975,2.6457536718741537,3.613303643187529
2000-01-22,-1.5180083777899025,-13.824809797831078,2.9245211023402207,3.744896552552313
2000-01-23,-1.815125461390846,-15.425853261974863,2.61868196730015,4.731045826641932
2000-01-24,-1.803796981681597,-13.88078468550745,1.0409989700886415,3.8434342073742047
2000-01-25,-0.1738959192045184,-15.077702512526741,0.5036229059262032,3.9548775519485786
2000-01-26,0.5519194506076488,-13.66120822922977,-0.43155353404213037,5.646269188485441
2000-01-27,2.7611860589090003,-12.611424968175458,-0.6354565010737092,5.964938747329843
2000-01-28,2.6377829378523665,-13.627180818090359,0.03886370051163435,4.9735769096563915
2000-01-29,1.612163291595071,-13.255007564140708,-0.7765807976208133,5.789722943711543
2000-01-30,2.654236459675537,-13.57671385678226,-0.43030627359613444,7.218391059920732
2000-01-31,3.3301513733269705,-13.266829485453476,0.4543722627024063,6.396261205833112
2000-02-01,3.614087298857926,-14.10163125772389,1.0395921838490316,5.893873248200436
2000-02-02,3.2271647009478905,-14.71594223167132,0.48082317206499237,5.120056011644022
2000-02-03,5.143763613917645,-15.00303229049418,0.7655648875193893,6.38401356797597
2000-02-04,5.948146825099528,-14.663683664952863,0.5730399061627279,7.176745975585252
2000-02-05,6.602904339150781,-15.476601760188633,0.1468330016939668,5.538973552796743
2000-02-06,7.694736001574665,-17.999209054651942,-2.756499188015526,3.936555556174291
2000-02-07,8.266471533467667,-18.755382240644156,-2.645092708981328,3.4855126213238448
2000-02-08,9.904693413945084,-18.536538392806737,-3.7965839827298966,2.604111283385664
2000-02-09,11.845222098839976,-18.565996556335985,-4.145492873777808,2.6709890559994083
2000-02-10,11.851065027639295,-17.12554469303841,-3.960373818084092,2.115265874229357
2000-02-11,10.733289112242046,-16.451669888053743,-2.6704168542088946,-0.24999531796801788
2000-02-12,10.404489445049872,-17.099631869072947,-3.131488220469308,-0.7539333910309963
2000-02-13,11.551658674430582,-18.216625078315285,-3.727835340500972,-1.3071941729008278
2000-02-14,11.22449121605669,-20.246717849371855,-4.7331769992367825,-0.5819539383074798
2000-02-15,11.55062314527021,-19.40960861991388,-4.269654297186531,-1.1478221815487208
2000-02-16,11.388165494209149,-17.49491305835066,-4.664274154113252,-2.2283665172946296
2000-02-17,11.280766237565352,-17.79058839395354,-5.314074657567158,-1.929056464874891
2000-02-18,11.027602416279672,-17.779753756880282,-4.727523633254555,-0.27902916765527186
2000-02-19,9.921983237712622,-16.21537181973044,-4.907271772033893,0.3840850026967282
2000-02-20,10.05382077805199,-16.527384395432136,-5.37037175247324,-1.3213790917543211
2000-02-21,9.096562882429104,-16.261001153997398,-4.525331897691513,-0.9334189086572919
2000-02-22,9.18430540790694,-15.89717500886312,-5.494192431607835,-1.9147614767329495
2000-02-23,10.033428208613351,-15.933026543565969,-5.153128290184654,-0.48386738562874854
2000-02-24,10.142238280611691,-15.798643585572044,-3.9341162882827208,-1.178759209507338
2000-02-25,9.862868735783197,-16.790097099187108,-3.019958589775748,-0.2734482575819581
2000-02-26,9.159357924359796,-16.575688223229633,-3.968393699141701,-1.3840666439354083
2000-02-27,10.798287511500195,-16.236808465221355,-3.876959735931469,-2.427299888299199
2000-02-28,8.740570492985713,-13.861400737305143,-3.6254994874915916,-1.167726714917572
2000-02-29,8.707876368368325,-13.6058035481167,-3.008371890444756,-2.1197457707886613
2000-03-01,9.834859446002449,-14.22338966461881,-2.8102889032890763,-2.153973514279908
2000-03-02,9.559911781166026,-12.986482060833143,-3.502901600583423,-0.16880813780445436
2000-03-03,9.487262097356261,-13.261134716432345,-3.734306486924658,-0.3367325533478327
2000-03-04,8.152104729361795,-14.30920490208779,-4.795776059046632,0.40987020859878875
2000-03-05,8.350951610775653,-13.745871977974495,-4.96798552069431,2.217687799052391
2000-03-06,8.978385736543618,-13.453570317871659,-5.4399452121008,1.7199800373380039
2000-03-07,10.399122043481507,-12.98086284402858,-7.1869248555638485,3.832203701956575
2000-03-08,10.475755322008903,-13.068874315273954,-8.8929305470141,4.7923754256808815
2000-03-09,10.650173571608823,-14.15852411947088,-10.999489688440535,5.61431629067458
2000-03-10,12.821520544114565,-15.148457763533685,-10.257335009047944,5.064857642579614
2000-03-11,12.467164941187896,-15.60645996032424,-10.706032273136666,2.9632068737886326
2000-03-12,12.285077917619592,-15.227305304020927,-11.16443619349694,3.99730287062476
2000-03-13,11.81528649999878,-15.36801209156391,-11.815914869970133,3.9911969776742864
2000-03-14,10.608350014428762,-15.586888699809515,-13.069623798173966,3.9481711344715555
2000-03-15,11.005307379222032,-14.842297013064094,-11.535093063447894,4.844396242863083
2000-03-16,10.461379477226073,-14.386911145630977,-11.381092805602831,6.033904462468136
2000-03-17,10.040480336503697,-15.795390932952417,-12.955586561970561,5.761562709410459
2000-03-18,9.253750952046648,-16.597981953598875,-13.249211414631727,5.611974887256489
2000-03-19,8.418511117938513,-16.708299512113854,-13.812602163279038,5.259026988688934
2000-03-20,8.01427371510267,-15.907165261657633,-14.586123535486811,5.017359554188421
2000-03-21,10.129462428821963,-17.364395529613653,-14.81242110630434,4.9603701249873
2000-03-22,9.581946369965761,-15.236245273383894,-15.618634885672066,5.763372354126679
2000-03-23,8.387136986732951,-16.478544881279834,-16.57840253693471,5.699349591804987
2000-03-24,8.57257359458079,-17.92107046872259,-17.17927341881614,5.45305346703442
2000-03-25,7.684799440259036,-17.420943653343787,-18.333695183872678,4.673380268398817
2000-03-26,6.57022243926272,-17.766531219361394,-18.58504656951803,4.823832260809817
2000-03-27,5.585468579662195,-17.12535508971676,-18.98601921790747,5.170665228370856
2000-03-28,6.713295359414785,-17.260139239473364,-17.92859625230266,4.6871317141607935
2000-03-29,6.02049032988621,-16.322848971074336,-17.55352815326049,2.6157582519037237
2000-03-30,6.897847037409843,-16.05533575681392,-19.06953187189228,1.5438004229277162
2000-03-31,8.689875985216739,-14.734143778082167,-19.367738307307942,0.25375477596462415
2000-04-01,8.18434435840976,-14.359420535176241,-19.299394287178306,2.596629888105605
2000-04-02,7.187487911159973,-13.2144123993827,-20.836955459781866,2.8791692256050774
2000-04-03,4.7070242052154825,-12.192228861465269,-21.126022776495,2.1250454648674744
2000-04-04,4.9269732399615505,-14.320515855023755,-20.73278634230486,2.1052976846315072
2000-04-05,5.7266566807374355,-13.177301376271728,-19.684824091048338,2.754203211010323
2000-04-06,4.5657488954585475,-13.855647911052618,-18.511761890702736,2.49698833348814
2000-04-07,2.589849713178867,-14.23727241733703,-20.085593671959742,1.1803413091512025
2000-04-08,1.901277683773447,-13.52810409090744,-21.851506573877856,0.8824106234202802
2000-04-09,1.6306499793373215,-14.401558966302858,-24.181608077896403,-0.051958795723942686
2000-04-10,1.142989515301448,-15.937586768835244,-23.76662008542236,1.4387320990004038
2000-04-11,1.6362312272133506,-15.156838040837162,-24.80030638937367,-0.16751885423959756
2000-04-12,4.178226976873179,-15.535449780793481,-25.89752016254581,0.31801637958206347
2000-04-13,4.543453147340769,-15.027400546353155,-23.394386546626965,-0.010913927258286993
2000-04-14,4.6891394562579105,-13.387852232647397,-21.911212850760805,0.2654467880555517
2000-04-15,5.523037826479224,-13.353361016829382,-22.47702629099907,-0.8975719433911837
2000-04-16,6.719488084109737,-12.138656638973208,-23.404321942614487,0.8496077197399552
2000-04-17,5.433902282130195,-12.936182459858808,-22.013948233761994,1.668747250486531
2000-04-18,6.589390692645351,-13.051365578832318,-22.844218433660913,2.2827415066985655
2000-04-19,7.509619123670138,-13.559884087840182,-23.069083945378598,1.6628989784392076
2000-04-20,7.279715019405499,-11.080112439941352,-24.33847086552838,3.577831767538309
2000-04-21,7.724977150312305,-11.289247351844192,-24.441611532472972,2.5797403201253113
2000-04-22,6.126891931525119,-11.427601972492289,-22.69733489719892,1.163699584823708
2000-04-23,7.036181854486072,-10.957378798386259,-23.1730284688657,0.573021273330577
2000-04-24,7.838360217471357,-12.261875393839905,-23.904432433632863,0.623672294724485
2000-04-25,8.173161648304722,-11.229070461164829,-25.09734019404557,0.3870009965359905
2000-04-26,8.687222601681004,-10.572536785237864,-25.104491466601015,0.4247460674188199
2000-04-27,8.700926554843532,-11.383251444039127,-25.496361481090005,-0.6163951714263758
2000-04-28,9.124499153001873,-11.906587797903633,-24.408377195766157,-0.7202767759721749
2000-04-29,8.692519396499979,-12.42306985073878,-22.741483242678424,-0.5757609213961793
2000-04-30,8.014867807370734,-11.960179685446432,-22.693860158336193,-3.051817933644393
2000-05-01,8.611269141722088,-13.662556780902685,-24.272120416452122,-6.245474103607529
2000-05-02,8.769807904120931,-14.83306651266334,-26.402079865434935,-7.084974158826296
2000-05-03,8.919351178479493,-14.730038271064615,-27.60981036312685,-5.541837756211039
2000-05-04,8.904723117764538,-14.7487147942158,-26.00695073846231,-5.63038147360777
2000-05-05,10.14868464853666,-17.69590593137704,-26.69214189581191,-6.655444690064501
2000-05-06,9.925025606657462,-17.450083130893184,-26.686638596250745,-4.205028101364098
2000-05-07,10.159399494264033,-17.741317590153415,-24.96659076338563,-3.0163885700469844
2000-05-08,12.347848649779122,-17.273479869567847,-24.98875944047621,-2.8935606908459977
2000-05-09,11.695049598657443,-15.637625119925106,-24.96326948878992,-4.605740788376967
2000-05-10,11.937176165515455,-14.29910665650543,-25.275491324941967,-3.9820719831792473
2000-05-11,10.469962764196378,-14.28189565218058,-24.61719559756737,-4.664545691045464
2000-05-12,9.27991186255059,-14.685954268368732,-25.00005877809299,-4.900872231642232
2000-05-13,10.849383620976539,-14.020382816796808,-24.139660193806357,-3.53664968953672
2000-05-14,11.05091547515418,-14.483589275959082,-24.481275848489215,-2.791447374848261
2000-05-15,10.98754135670898,-13.033910685511646,-24.69243886585913,-2.6485209668527325
2000-05-16,12.163967497384485,-10.795428448780516,-25.039143824322604,-1.4683797025143024
2000-05-17,9.671679162638583,-9.48648224509899,-25.482840623818426,-1.4177830176241144
2000-05-18,9.976638386718845,-8.52779093881526,-24.453776376100024,-2.9184254518267423
2000-05-19,10.267305561675958,-8.579952961162853,-24.921779715397683,-1.992452042374922
2000-05-20,10.113255162206652,-6.915324781197815,-26.73499043346857,-1.1065683150127248
2000-05-21,8.96739874946218,-6.098681466897361,-25.886038306584123,-1.59659546544592
2000-05-22,8.852250034113199,-6.917845715030885,-25.962969780522478,-0.8121585021832186
2000-05-23,6.9099186133192045,-8.688118517177772,-24.96677184238604,-2.1290726004661145
2000-05-24,5.773542135894061,-8.174739848364169,-25.241376346462406,-2.5102045307498537
2000-05-25,4.663634309508401,-8.955475233038367,-24.617100513150636,-3.9150656700038056
2000-05-26,4.071847259044261,-8.144777388013988,-24.51793586276512,-5.387891149863202
2000-05-27,4.60754020417066,-9.53036831924365,-24.728206648062482,-5.291958238543412
2000-05-28,5.314633211431176,-10.040692696108499,-24.85943433549121,-5.974016806307871
2000-05-29,7.471454684834683,-9.129063265798942,-25.618479795805342,-6.136336293399937
2000-05-30,6.062290082793161,-7.918664244060477,-24.773933415554936,-8.605509230712848
2000-05-31,6.625901377453376,-7.0947909763855295,-24.949967051369185,-7.1311715327857765
2000-06-01,6.176837870097796,-7.588345834560759,-24.092780162219153,-5.5684681607727375
2000-06-02,6.428702588173602,-8.144400739440506,-25.535960664304906,-6.79680083136831
2000-06-03,5.146707950778272,-8.102747258433755,-26.998606148733156,-7.590529286511737
2000-06-04,3.891576278168837,-7.895150391260881,-25.284508707659747,-8.01105640245475
2000-06-05,2.5677929483680035,-8.820909184249134,-26.420993000668584,-7.363388784083398
2000-06-06,3.168594545900555,-9.952736001366713,-26.47570510908707,-7.079118421434533
2000-06-07,1.9477735464042034,-10.46731551547138,-25.183057042975946,-7.466033629792252
2000-06-08,1.2868561729370758,-11.796724298127213,-24.9784100508686,-9.200492820939925
2000-06-09,1.0364481657089737,-11.47312909934145,-24.146740664233043,-11.856384999840923
2000-06-10,0.8272752326271995,-12.33504924160392,-23.748251362511006,-12.746656108610248
2000-06-11,0.14306112329396592,-12.582285332438214,-23.889944756737798,-14.080530716681018
2000-06-12,-0.7377231643529064,-11.763210959096794,-25.459755897079216,-14.45890254676985
2000-06-13,-1.1093357658387186,-10.9721321973181,-23.41431955569376,-13.838067858036174
2000-06-14,-1.3822315480432512,-9.806645718942534,-25.09880459526136,-12.662679615031838
2000-06-15,-4.701133283841516,-10.031801971482748,-24.03660841481992,-11.147537951533057
2000-06-16,-6.164695233692706,-10.134172939378345,-23.48226087204592,-10.092071977247729
2000-06-17,-5.9320041044397,-11.278730160897956,-22.327307769943612,-11.359879484752106
2000-06-18,-7.281363086310144,-12.2858950807183,-22.573309346514367,-12.548146293082569
2000-06-19,-7.3766420079216415,-13.697868441724182,-22.28543113384774,-13.762266143455573
2000-06-20,-7.371101377557582,-12.420067938294043,-22.530319556573335,-15.472172148278812
2000-06-21,-5.878289116495212,-11.885501363115116,-23.132489470675818,-15.133932323795369
2000-06-22,-6.8318353277043755,-10.935958043684554,-22.970626469673977,-13.867361549428255
2000-06-23,-6.0712655423879545,-11.867901518054387,-23.865240191458312,-13.189644130005021
2000-06-24,-6.612176295286003,-12.58462420604004,-22.63470893317357,-12.693878071094405
2000-06-25,-5.8938306262285245,-12.189764255911738,-22.14075806535369,-14.046917128016439
2000-06-26,-4.265972131076225,-13.614170160612494,-23.120370920041395,-15.712083077895663
2000-06-27,-4.496090806493715,-14.094579944715257,-22.963308776232438,-15.786769766444747
2000-06-28,-4.447732481286582,-14.265482954029169,-23.610447487597924,-15.479309322326918
2000-06-29,-3.7784070212264176,-14.023798604929635,-24.871920354305274,-15.543580803670984
2000-06-30,-4.108314351883136,-13.65864750966755,-24.44768097113735,-15.410346387736285
2000-07-01,-4.680830314608477,-14.967805804369624,-22.642100250828236,-14.632800644102819
2000-07-02,-5.913469806146258,-13.69705983849694,-22.612468696897587,-14.423723659311824
2000-07-03,-5.87146198708909,-12.76412187366166,-21.123656627565836,-16.024823374744454
2000-07-04,-3.9632840429305647,-14.79685090774072,-22.23913725988476,-15.745026574590796
2000-07-05,-5.967441022095771,-14.79524634975623,-22.556515322756443,-15.572708995987389
2000-07-06,-5.686944083131552,-15.02787034307655,-21.076141027931435,-15.650729642780568
2000-07-07,-6.318917546994403,-15.331567158747292,-20.954972554162985,-14.174718021473769
2000-07-08,-6.173327125885517,-14.519190562768193,-21.908656825848947,-14.31465595703666
2000-07-09,-4.24371180411581,-13.015340799917395,-23.23366213034067,-13.912437803191498
2000-07-10,-4.180525506267542,-12.893232955222048,-22.67135522646711,-14.388604506591276
2000-07-11,-3.38150759716756,-12.35189685157783,-21.795947417050797,-14.54014169768797
2000-07-12,-3.271318942875146,-12.77082678514407,-23.104349348106233,-14.42739512367501
2000-07-13,-4.691195958238355,-12.29020083351007,-23.110043899402935,-13.205463627826138
2000-07-14,-3.467297007872923,-11.778647466998391,-22.963573707154385,-14.115151042332439
2000-07-15,-2.8233271707747685,-12.056761912548069,-22.838333119618,-12.668257192749687
2000-07-16,-3.8364478845972294,-12.571198771795078,-22.23664833128115,-12.752977612849424
2000-07-17,-5.588573947290166,-14.456247803433527,-22.097238984955585,-13.702319445711876
2000-07-18,-6.4299706343346505,-14.413743966040107,-21.264512962401923,-12.810538379019736
2000-07-19,-7.868017167927439,-16.2481179518615,-21.103732653488837,-14.08458810061982
2000-07-20,-6.497188153817882,-14.819954851051765,-22.548837789118885,-15.548152325827372
2000-07-21,-6.40710241647336,-15.654513955192783,-20.617580348734688,-13.655101254913735
2000-07-22,-5.650948918632375,-16.718922064819044,-21.295395397894595,-14.725831385672233
2000-07-23,-6.651834818101628,-17.720818682710608,-21.64947675761574,-14.50294934602538
2000-07-24,-7.052110191223293,-16.915993276391525,-21.699939646831666,-13.778547983273125
2000-07-25,-6.202752503525011,-17.950995794718683,-20.051088036628315,-12.968224090583098
2000-07-26,-6.66293878227859,-18.523861969601132,-20.897900898154234,-11.881641265611979
2000-07-27,-6.86736353775863,-20.73271284312517,-19.907456970414547,-12.37408737283081
2000-07-28,-7.594521740658894,-21.70357036068437,-19.700702855704748,-12.178951655762317
2000-07-29,-5.713416717210839,-20.715237215783077,-18.950091604476764,-11.391285915462849
2000-07-30,-6.167727638069623,-22.73030443703671,-18.165940862379234,-12.088132088000414
2000-07-31,-5.807848104601211,-22.518630647834417,-17.768758467863048,-12.37744634977297
2000-08-01,-5.201614877603512,-21.496029533295694,-17.79856675369584,-11.070650845923499
2000-08-02,-5.734684767339614,-21.551741606936773,-16.4526099483264,-13.505472090974912
2000-08-03,-5.222455371111057,-20.310022251498097,-16.348889645302773,-13.588706076419834
2000-08-04,-6.358803767734087,-19.57139553925147,-15.895924769194107,-11.691256887784622
2000-08-05,-7.082748262603296,-20.251155096876364,-17.294516649764848,-10.909781808922894
2000-08-06,-7.1055109289248914,-20.718806991733512,-17.977057449418023,-10.001897413563748
2000-08-07,-5.60791406345957,-20.226611406081265,-16.76181623683918,-10.841360968235044
2000-08-08,-5.659286176705587,-19.901134541915162,-16.361141509963364,-10.959563080614224
2000-08-09,-3.382525350966062,-20.093706239332164,-17.73280166989893,-10.923817656536889
2000-08-10,-3.6129969142542637,-19.424833070457595,-17.87319161992197,-10.9044976760595
2000-08-11,-4.1328972102964405,-19.506481768556647,-18.28938677584715,-10.63884066160288
2000-08-12,-4.137277273103655,-18.313682316515273,-18.762551263534085,-11.634891232077308
2000-08-13,-3.0735194612541,-18.973185101636457,-18.163338049708756,-11.091251497080266
2000-08-14,-3.080186342120986,-16.907432043903707,-18.53454849924901,-11.963651487627432
2000-08-15,-3.3036413678392824,-15.964088741185485,-17.95881243265812,-11.93778150401757
2000-08-16,-2.415092739000724,-17.038711373685622,-17.31384368410623,-9.915811294399003
2000-08-17,-2.0756090903370836,-17.101947806131303,-18.357005316381485,-10.25939229535697
2000-08-18,-2.318371476510944,-18.76432346148678,-18.378762884282327,-9.253537974113417
2000-08-19,-2.1128216193066365,-19.679931904107203,-19.301011290249857,-7.8175294222469
2000-08-20,-1.7257356243593662,-19.028365278000916,-19.746575677073793,-8.056960428611957
2000-08-21,-2.562209871777276,-18.793145860670588,-18.525996254214196,-8.84071597549032
2000-08-22,-1.3961336603011747,-18.825681857529688,-18.864225406583955,-6.9552437111872365
2000-08-23,-2.3486434996696834,-19.669273455444408,-20.688681471646163,-7.96726437588622
2000-08-24,-2.597419586582089,-18.481294454502482,-19.211227879049602,-8.96661158380087
2000-08-25,-3.816976263947847,-17.90504548367263,-20.1538263556674,-8.556413148605898
2000-08-26,-4.017784656551303,-16.677882993625655,-21.07794245629955,-9.14771713004906
2000-08-27,-5.270955149183669,-17.43769526609734,-22.308806368065866,-9.145721181173409
2000-08-28,-4.831827033920461,-16.883052624853402,-23.50865422643446,-7.74679211021276
2000-08-29,-4.83787566317246,-14.649204157411205,-24.01975774267234,-7.100253264044021
2000-08-30,-4.611041044174701,-12.889667449068021,-24.199637619669005,-6.541477125570097
2000-08-31,-5.4397720283484485,-15.130946534901808,-24.52919454367792,-7.302494451244789
2000-09-01,-4.248400240427738,-17.07024357888173,-26.112934261587707,-8.157592085036896
2000-09-02,-3.282905018328388,-19.23381565661679,-25.502854413179485,-8.257899855989184
2000-09-03,-3.1450514746548235,-20.169518656001248,-24.001306208567335,-8.727579414636223
2000-09-04,-0.8511612312994172,-20.707981216159325,-26.375652885479145,-9.362592464230882
2000-09-05,-0.5560413383923342,-24.048640465187102,-26.955666601403042,-8.181791739696827
2000-09-06,0.39777526181641454,-24.86680491953015,-27.52227538588747,-8.725454196494
2000-09-07,1.30837232885199,-25.762011659579723,-28.022273568138065,-7.74475050219846
2000-09-08,0.7462124618467871,-25.990232959644867,-27.020116768972915,-6.372508997228035
2000-09-09,1.8726873095663963,-25.38301261842341,-26.68772732185861,-7.467383269994506
2000-09-10,0.1890700076864491,-24.030860682592944,-28.31077886323168,-5.7243636437612455
2000-09-11,-1.4720155210261971,-24.172242793097467,-28.714560405515513,-4.8467078807373225
2000-09-12,-3.702820694330971,-24.016718682064656,-29.934820297788107,-3.491358105613287
2000-09-13,-3.659753070175902,-23.8634189463647,-28.753962710117957,-3.0047656109591094
2000-09-14,-3.5361932452849616,-23.81946576214194,-28.52028985604252,-2.6530464560090423
2000-09-15,-1.8607309464988262,-21.626697027720578,-26.60492555200552,-3.0023817085880182
2000-09-16,-1.783084930228499,-25.034565774702223,-27.63187552299621,-3.3830464477274473
2000-09-17,-2.055145393208857,-23.354702315264664,-27.552201995923614,-2.968261437602989
2000-09-18,-1.5311288276979307,-23.656649205289778,-27.07284632567412,-1.6235926361838198
2000-09-19,-1.6014337463423254,-23.04131834303887,-28.783859901005343,-0.9209878655343979
2000-09-20,-1.0675970795690954,-24.276866375890442,-26.510966678586094,-1.241306370886024
2000-09-21,-1.722137292603251,-22.91571722764306,-26.87684621488073,-1.2800013056815271
2000-09-22,-0.7452268183352818,-24.152022305072137,-27.24849577718712,-1.3540900507988574
2000-09-23,-1.8002392038625068,-25.133637522631485,-27.745658590010866,-1.6486545141313236
2000-09-24,-0.007806657682445817,-25.01924389202094,-26.906212821833872,-2.1654514234978435
2000-09-25,-0.906783064286728,-25.880592744858863,-27.42751699305621,-5.169744147899669
2000-09-26,-0.950992177475341,-25.715373851522457,-26.808516418401283,-5.519916148223781
2000-09-27,-2.1850674938313324,-25.93533133135287,-26.938259289878065,-6.702286749714869
2000-09-28,-1.9275873758118902,-25.69758043215548,-25.62999451690173,-6.308928317352987
2000-09-29,-0.995089840609378,-24.82427958974286,-25.360466807574966,-6.843460485934941
2000-09-30,-0.9781484980661896,-25.341472155815776,-25.866975638730285,-5.878943876548381
2000-10-01,-0.9643410104895009,-25.843081374204306,-25.458612001816906,-4.296581549526632
2000-10-02,-0.31531925498084346,-24.731134709664545,-25.205791374612787,-3.168457269087978
2000-10-03,0.11931048477676864,-23.915475168070113,-24.19739624944738,-3.4824192546056527
2000-10-04,0.404709935260144,-24.37262108455871,-24.76874188489512,-2.569601623593064
2000-10-05,-0.8775341362522329,-24.993997724851475,-25.204260298443543,-1.1562317404932974
2000-10-06,0.04127559083003873,-24.004631671084223,-25.481438029538918,-0.7724410999811882
2000-10-07,1.2698896098518606,-24.973562471856084,-26.59816681943093,-1.1955283071372433
2000-10-08,1.5728663417845787,-24.625529700464906,-25.892491582483515,-0.9862603096378393
2000-10-09,3.1085400236201695,-24.379104203057555,-24.013255554829122,-1.087258910795523
2000-10-10,3.709607256768239,-25.39352034606878,-23.408424616453882,-1.6125393687435943
2000-10-11,2.877292586476932,-25.111971023873014,-22.997301295065824,-0.6138894233654003
2000-10-12,3.8601247630289843,-24.956338385169367,-23.252490699494437,-0.5120756011794289
2000-10-13,3.3309446031880845,-22.558859208724183,-24.71213238201389,-0.5371550214572539
2000-10-14,3.4187066032388915,-23.430145135932687,-24.8173920704943,-1.1100437057560741
2000-10-15,3.0743183202636395,-22.83843051659911,-24.76087389561433,-1.10383944014
2000-10-16,3.845551231455794,-23.449592336625983,-22.606063469650575,-0.8156974333566045
2000-10-17,5.719138696884295,-25.33036277493664,-22.71262375486761,-0.7690919534677916
2000-10-18,5.919879702421766,-25.719233785442565,-23.50448887380955,0.430413254211262
2000-10-19,5.6941044193722155,-25.954001804513286,-23.20068747389975,-0.6890674161011743
2000-10-20,6.479134700181311,-25.81738405266869,-20.87987635004962,-0.9035887664201339
2000-10-21,7.233703539085542,-26.036381404702347,-19.398119619428098,-0.332261940238886
2000-10-22,7.191329509723514,-23.710951661659237,-19.934004051182075,0.24073644948296902
2000-10-23,8.759971275021952,-23.696739974000856,-21.95419095237077,-0.44334346017771875
2000-10-24,8.449232350534714,-23.472726688484734,-20.903667586139203,-1.862184637739826
2000-10-25,7.3677444992266,-24.136324527399463,-21.209063384817444,-1.4017840190808102
2000-10-26,6.170495207531606,-26.27759475974254,-20.7678988128301,-0.6969715023525064
2000-10-27,6.5411599653286725,-26.120951384555756,-20.726350596358646,-2.103292120441462
2000-10-28,6.825531534232926,-25.85353784797203,-20.369412738931626,-1.576579762125278
2000-10-29,6.358315691268246,-25.848580691200898,-20.784697634672636,-1.7454597045476588
2000-10-30,6.278007706762312,-26.867176903362246,-21.386852093668,-1.2161973993272963
2000-10-31,5.7729940290498645,-25.62486590309271,-21.71238633344645,-1.3403545076928198
2000-11-01,6.0243478608907655,-26.61964569138215,-20.13747955219011,-2.53360632259703
2000-11-02,5.300922264896612,-26.673018333576923,-21.8824442816487,-4.006812573013856
2000-11-03,5.512363537453838,-26.014770428059236,-23.91996306041336,-4.501312067700865
2000-11-04,6.879131723016626,-26.45448484025219,-25.59710353197682,-5.9270137312599065
2000-11-05,7.105139624250663,-27.055948589332964,-25.70349586584262,-6.36217465999402
2000-11-06,6.769521298682593,-27.139719232797606,-24.40173000437115,-6.535226367248022
2000-11-07,4.964334607440948,-26.914331993498656,-24.628169548003896,-6.023469767163082
2000-11-08,6.065742885026592,-27.518431918508856,-23.691118007088352,-6.671130336989705
2000-11-09,6.264084761167744,-27.045913641408507,-22.804835051348803,-6.167523916836693
2000-11-10,5.084967034004844,-26.625987859035767,-23.1442112117218,-7.056713896383717
2000-11-11,5.92831572903148,-26.012427316321308,-22.07468548673796,-9.178279846858537
2000-11-12,5.94836912976656,-23.969802933450296,-23.033703798474683,-9.790869611925775
2000-11-13,5.298994631730928,-24.721059029751345,-21.401842135353725,-10.106833914477948
2000-11-14,4.724492378924638,-23.92246519677227,-21.3832987919152,-9.164806400531143
2000-11-15,4.863772965261865,-22.833393283193768,-22.24163651143699,-8.252927807289188
2000-11-16,3.563994715298354,-22.66579697783144,-22.47418495899578,-9.335880026751378
2000-11-17,3.057686469255642,-23.23287599707156,-22.259946044484646,-7.794037079996413
2000-11-18,2.8994031194776273,-24.60139466711684,-23.548345892845163,-6.714709627472775
2000-11-19,3.6887129526857825,-22.742709575993764,-23.185807960642688,-6.015080348378823
2000-11-20,4.7154809497792955,-21.81700471801502,-23.313439772518194,-6.667091210394446
2000-11-21,5.4218252860053315,-23.239120530028927,-23.34412231252323,-5.252034382639112
2000-11-22,5.029373527419256,-24.833532402545853,-23.713055872574163,-4.589089818486499
2000-11-23,5.26260005383406,-23.6668089512139,-22.99900496955775,-4.132110633291341
2000-11-24,8.347026242119917,-22.603001715144465,-23.525407075008346,-3.58725631215035
2000-11-25,6.835414285814529,-23.3824864318707,-23.5110406106374,-3.1415279697566225
2000-11-26,6.949944776316501,-22.029936329033134,-23.032030541513944,-3.9552911511854876
2000-11-27,7.354589182102562,-22.164993499716957,-20.870093673886633,-6.5729139999060315
2000-11-28,7.133846567225192,-21.05003505412837,-21.571999480245772,-7.594831179360623
2000-11-29,7.125467262708499,-21.712631070250552,-20.98793602040261,-8.667298256806324
2000-11-30,6.894845123358081,-21.402356234700637,-20.629238061560535,-7.330414541194907
2000-12-01,5.954950483839691,-19.837891253935357,-21.37473604714023,-7.241374601149916
2000-12-02,6.3372641185265275,-19.77863859408509,-21.634550661704928,-7.383105756239753
2000-12-03,7.572112996149034,-19.6109552576019,-22.123849804107536,-4.552893730383426
2000-12-04,9.121205972302809,-19.297649924207352,-21.901751661374227,-3.667356080394585
2000-12-05,10.162115914067098,-17.872709840396478,-22.07942662705756,-4.890227970786699
2000-12-06,8.513268235953474,-17.495456685002637,-20.29370397447728,-5.572052951348919
2000-12-07,9.371148431850902,-17.945486893214245,-20.34136713959939,-5.882644995523838
2000-12-08,9.197659758526129,-18.072543965652986,-18.851850670293356,-5.304440938404079
2000-12-09,8.474547988508064,-17.98362239245856,-18.05413769083158,-6.454979348676768
2000-12-10,8.058435290053925,-17.372287172761595,-18.09843705607913,-8.737247829673137
2000-12-11,7.559128725761606,-18.891587895580813,-17.450029489986893,-9.043949603335426
2000-12-12,7.776596453778746,-20.228787839138114,-17.056911449173985,-9.323821230112193
2000-12-13,6.082982882879223,-17.7283525475301,-17.484735679742165,-8.429155437523967
2000-12-14,6.540151435495057,-16.98582353534957,-16.72250707499161,-7.755792336411763
2000-12-15,6.481178111808364,-18.570691322246294,-15.623589485050509,-7.689489759848476
2000-12-16,7.44515856764638,-19.01501748466566,-15.878661439422343,-6.753959531286191
2000-12-17,7.205973984904711,-17.980928424292774,-15.30087985105398,-7.650388669883397
2000-12-18,7.285341519402037,-16.522635779654443,-15.023218037453471,-5.850047002169434
2000-12-19,8.202257733986569,-16.325240205003414,-14.575369927534393,-6.427931910101748
2000-12-20,7.2562449414675,-15.546092886477396,-14.474803372889987,-6.902713655885367
2000-12-21,6.349787672961181,-14.586216238124278,-15.499961476525504,-7.651406125382594
2000-12-22,7.265155835432748,-16.347856037062144,-16.06644005391933,-7.457654652854746
2000-12-23,6.459789684416096,-16.058072482777078,-15.815027520965106,-7.991530393596294
2000-12-24,3.306615790511131,-17.278950552994377,-16.754628314590093,-8.059585729046924
2000-12-25,2.7985028998018944,-17.296839464193273,-15.825434758044475,-8.089631785771063
2000-12-26,5.452316725443833,-17.67065102772903,-15.098435008337024,-8.103283903098326
2000-12-27,4.883113670634895,-18.164284784054974,-13.780347948967588,-8.64328539652863
2000-12-28,5.7851707047467675,-19.432213098427997,-12.103846599728605,-9.742323081078478
2000-12-29,4.025357452525563,-19.32161350247383,-14.241426709134933,-9.017715702668285
2000-12-30,4.767409543142854,-20.823921201874498,-14.425082870455789,-9.278105298820922
2000-12-31,3.6669857100470975,-20.25567116538597,-16.30341723228281,-8.578148615526564
2001-01-01,3.897638599832044,-19.96825811672241,-16.364503503508516,-10.4278112412106
2001-01-02,3.5036225744863208,-20.799162025598648,-15.254474556958073,-10.960498834746039
2001-01-03,3.283564658792358,-22.36124326801464,-14.826104419074648,-9.453439136491573
2001-01-04,2.8566323315569244,-21.0555244061634,-14.177139708715623,-9.12383537584354
2001-01-05,2.9034066323958396,-20.079613803223463,-16.30330757909518,-8.988564714686865
2001-01-06,4.63030111354042,-19.654795657885014,-15.938965818221957,-8.341188991579603
2001-01-07,3.807042338009997,-17.975914538429752,-17.273696273082628,-8.437134690579835
2001-01-08,3.7791311637062766,-20.348505535574933,-15.786034526037405,-9.02315048986953
2001-01-09,4.108692206150581,-20.396442359942878,-14.358396787311962,-8.282403220186087
2001-01-10,3.274062755005071,-19.733115044396563,-14.435424964562523,-8.844086917447754
2001-01-11,2.866514460573336,-19.5040191223756,-15.028037195658658,-8.515732588645097
2001-01-12,2.737096559381151,-20.244942688004052,-14.9095320665147,-8.817618377737412
2001-01-13,3.8900928184433727,-19.182953287280455,-14.999438077423541,-9.509468729130916
2001-01-14,4.649788499184537,-18.385456090739368,-15.859718502973214,-9.943762968025586
2001-01-15,5.972074384476301,-21.2569484003048,-16.670007188235573,-9.48596200369278
2001-01-16,4.541016496414345,-22.382677917501297,-16.072013482750485,-10.03739668858779
2001-01-17,4.11103060774442,-21.665386333417132,-16.016845964927455,-10.404677973362457
2001-01-18,3.397592189097526,-20.756744109226283,-16.871772660912793,-11.084473277440173
2001-01-19,2.0756656742324933,-19.684175924777954,-15.23506948000928,-12.116108345055991
2001-01-20,3.3186723675727556,-19.441890153432222,-16.49627777358794,-13.6089131310576
2001-01-21,4.500286491054408,-20.99048205222907,-14.31435894760969,-13.312117558580331
2001-01-22,5.092608253053312,-20.158238046443813,-12.417532632656153,-13.01866011527764
2001-01-23,5.811235775413657,-19.318608001469975,-10.514712152144716,-13.394782029745452
2001-01-24,5.527364624652535,-20.38214101911957,-9.093577086482254,-13.355879177724361
2001-01-25,5.0125649324629915,-19.61949785534603,-8.232701616496911,-13.67070696313397
2001-01-26,5.665506069096723,-20.064017329843505,-8.08572159082595,-14.964991483171536
2001-01-27,6.167604651513447,-21.684754252242033,-7.278660427462837,-14.957448120968929
2001-01-28,6.427014143163065,-21.17612515971802,-7.858092754530208,-13.208759030039314
2001-01-29,6.579553063465455,-20.855691102534134,-8.61105475834589,-15.18656039166014
2001-01-30,5.948081571886195,-21.967329573272362,-7.741873593106297,-14.45008769325159
2001-01-31,4.765587326165319,-19.25997136161608,-8.175227224077156,-16.155901394201518
2001-02-01,4.35560838034863,-18.209300218159395,-7.418925156898269,-16.085909593113062
2001-02-02,4.109563370029012,-19.515643149597025,-8.59595186529214,-16.326488392052475
2001-02-03,5.19729477392969,-19.339770710845574,-7.953067411670349,-15.195099212584122
2001-02-04,4.346020457091478,-18.941723595942584,-8.115595712668428,-14.246415311107338
2001-02-05,3.49885551527217,-19.166674084557478,-8.970084462291567,-14.209775634669127
2001-02-06,2.7757787785551242,-19.905003595294602,-7.8930977946098,-14.673325263151021
2001-02-07,2.054809581395922,-19.510623616778314,-7.100630804803914,-15.135788195150948
2001-02-08,1.7752414017657265,-18.599452127636667,-7.9620716461909895,-15.166788181392915
2001-02-09,1.269709430708628,-18.526974824208146,-8.771042639087787,-15.0531851610997
2001-02-10,1.2204672599488018,-17.88619833532224,-9.051711427220381,-13.095917810023527
2001-02-11,3.740762294934397,-19.887680412794634,-10.764568467931852,-11.46536993086905
2001-02-12,2.705553287589974,-20.148957781005592,-10.987902620802494,-10.67232179615248
2001-02-13,2.7033171117328254,-17.532627001957646,-10.363191400779206,-8.529898924484112
2001-02-14,1.911458237688281,-17.892741800420087,-9.975582042847758,-9.470279709678657
2001-02-15,0.7907264185025535,-20.61942803629421,-9.639830261293094,-8.938327462417071
2001-02-16,1.5304559469872767,-20.093101939350664,-9.403112568825698,-8.492903395825389
2001-02-17,2.185654303835806,-19.444936990997466,-8.974680587465842,-7.584496567402864
2001-02-18,2.386145024877046,-19.688306997914804,-8.426694962065062,-6.123261599917578
2001-02-19,1.4811438240613164,-21.44241935444947,-8.080927571845743,-6.23186033348914
2001-02-20,0.13395317809314577,-19.91791581230934,-8.153406348673274,-6.896041296048799
2001-02-21,-0.7387386198075832,-21.465905727727318,-7.4447060089634,-7.792357218693623
2001-02-22,-1.2308178478634206,-20.842253547124866,-6.111710813665411,-7.972131509633047
2001-02-23,-0.2896051874940071,-21.405054344804274,-5.722670618251754,-9.478663969348794
2001-02-24,-0.02534458434167891,-20.475231980867346,-6.496841105520093,-9.19894152643296
2001-02-25,-1.7680881205701455,-22.26984864928608,-6.346554265556185,-8.915782827231304
2001-02-26,-1.4503910020413773,-22.626787662425414,-5.468582466130109,-9.821371803546352
2001-02-27,-2.48980605572733,-22.397528695968383,-6.314841287991946,-10.161674741728302
2001-02-28,-3.4038159758643536,-21.70508117039028,-6.305285543658877,-9.101302192085734
2001-03-01,-2.8560496814502687,-21.664566772446868,-5.2739827370123,-10.708974752343641
2001-03-02,-1.2929218681403198,-20.96497582404922,-5.237048550297057,-11.073290292620435
2001-03-03,-1.3829900605367094,-21.045962317165262,-4.783466886259503,-11.66172886266985
2001-03-04,-1.096053700754847,-21.42512244285271,-4.637462760507404,-12.201218547245505
2001-03-05,-2.0789373370814523,-20.771966077588672,-4.360319053054896,-11.721148983389375
2001-03-06,-1.2149271171009683,-20.272754945279285,-5.4678473521694055,-12.261167484529878
2001-03-07,-0.10191679312851099,-19.18328362993009,-6.572334332583939,-13.307613652094313
2001-03-08,-1.4833130145294684,-20.203082771148924,-6.216899318389158,-13.35362703394715
2001-03-09,-1.6009328790255524,-20.225440513669227,-6.302736830444013,-12.405778695384209
2001-03-10,-1.5467686469456872,-19.723578444783147,-6.682375914854248,-12.158845217396932
2001-03-11,-0.7886924213214273,-19.49122996158967,-6.1851829766818245,-10.781213290949792
2001-03-12,0.3534905093566638,-18.05115604991222,-5.267370631026951,-11.232244539299044
2001-03-13,1.5152826338887135,-16.823509656646127,-4.400197567965639,-10.267518945926618
2001-03-14,-1.0568452867506544,-15.568579041890079,-4.8630553226459226,-11.247317042855652
2001-03-15,-2.677129922967798,-14.672122309497253,-6.285223630983802,-11.501674572740624
2001-03-16,-3.1130829521090817,-15.338352292675157,-6.913120080211957,-10.262852298915575
2001-03-17,-6.214397911298841,-15.108086476839327,-5.621559495637042,-8.418693137300869
2001-03-18,-7.874244852483795,-14.163552157524975,-3.9193293547751367,-6.847720857863924
2001-03-19,-6.970663256710903,-13.762703376117253,-3.83347388034975,-6.64623602510687
2001-03-20,-6.107427748590123,-12.849569071207585,-3.3513758826036764,-7.137474037174522
2001-03-21,-5.021906601861006,-12.680035538167774,-2.0117455993754128,-6.677648156671471
2001-03-22,-6.584585034264382,-12.10788827631618,-3.986446872031109,-5.401245900680366
2001-03-23,-6.703896133234241,-13.694641624575786,-2.97550292905696,-3.984189415868614
2001-03-24,-6.173578538011659,-14.330584545589815,-3.8603618939417226,-3.156104321697491
2001-03-25,-5.701147668971729,-14.596512668474228,-2.817334630633121,-3.4988794193889943
2001-03-26,-7.13671589709649,-15.255424985196964,-2.864937018559886,-2.99079671420943
2001-03-27,-5.956643056277697,-16.83474391762761,-4.571544190167843,-3.299429313603964
2001-03-28,-6.319729431641145,-16.717144245761677,-5.211934311053319,-0.5410512617562424
2001-03-29,-5.942714728454791,-17.328757446888932,-4.00243141793583,1.3051505005839252
2001-03-30,-6.123058036276915,-17.129184924386728,-4.606868484217549,1.8680353266289962
2001-03-31,-5.613729400054735,-16.83013720266779,-4.909737700535335,1.3960376542893542
2001-04-01,-5.327124586412093,-15.150644636924284,-5.710765822916866,0.4505073625076622
2001-04-02,-3.806943608019607,-16.786436394154443,-5.906614961174574,0.9732014949591515
2001-04-03,-5.56204859586156,-16.927247823985187,-6.946159646087261,0.347356303048339
2001-04-04,-6.4707047276040885,-17.31142432862267,-4.543391217261327,0.16446568911181783
2001-04-05,-7.443563424120341,-17.44014533201327,-5.529753213560856,-0.3299078083414385
2001-04-06,-7.048916554488365,-17.665581489690013,-4.501731247959048,-2.9686146936814493
2001-04-07,-7.588941787220719,-18.022617740837365,-3.97912639931359,-3.5303273603775804
2001-04-08,-8.814360934178751,-19.08351291992708,-3.58563448315404,-2.8646291994854374
2001-04-09,-8.588695889573184,-20.383234528785017,-4.3762591663276345,-2.6917388351147187
2001-04-10,-7.249867918420583,-19.524596784953992,-5.835551078577044,-1.4789581999826884
2001-04-11,-6.937375157333037,-18.313025054005465,-6.786867492644831,-1.1384024491016782
2001-04-12,-6.518649281819973,-20.878604142512334,-4.439176821838342,0.31403802355678634
2001-04-13,-9.63570503048145,-19.97820158837636,-5.979326800037949,-1.2787549073229256
2001-04-14,-9.1578686217354,-20.38849091621197,-6.126547297322689,-1.8882303314678262
2001-04-15,-8.543878916089177,-19.69185775161946,-6.726816368153257,-4.220772616597786
2001-04-16,-9.250250477914491,-19.385963493621862,-5.503246052127382,-3.842954741817559
2001-04-17,-10.0347156118064,-19.530732717390393,-6.99486792604965,-4.6979513279950575
2001-04-18,-10.347142610297508,-21.61237689686296,-7.173595118934356,-3.8899523608453865
2001-04-19,-12.862343016108511,-22.539715622034276,-6.956064737939079,-2.9934988359621784
2001-04-20,-13.221659327663756,-22.356345782269376,-6.306668521329161,-2.4056611190163135
2001-04-21,-13.492812192413238,-21.847906215809118,-6.352407223237295,-1.5318597063375092
2001-04-22,-13.880557177167706,-20.429197202695327,-4.711155301156317,-2.0155516181477484
2001-04-23,-12.870019644148638,-20.26339126179179,-4.650298095294008,-2.6860669369419234
2001-04-24,-10.985715484849521,-19.696996793434998,-2.2220551446634595,-3.20623079879147
2001-04-25,-11.09037282501888,-20.062666502157242,-4.28083596757557,-1.4415032041729352
2001-04-26,-9.535847847515855,-20.49752855533129,-3.7859358788678397,-4.086412307115606
2001-04-27,-7.187191164621534,-21.093765502319723,-4.811276597065727,-5.902727796791089
2001-04-28,-7.045899114286618,-20.274151711874975,-3.671127297299263,-3.0900115960451693
2001-04-29,-5.948096769249935,-21.078832880439418,-2.6959770529363563,-2.4201950790348414
2001-04-30,-8.347268834217179,-20.066752970405812,-2.182967983239547,-3.6271136962229242
2001-05-01,-8.290609047976803,-18.740336128083012,-3.2804286219742007,-3.2243733002837516
2001-05-02,-7.1289939986412705,-19.24465838265756,-3.280705589257156,-2.610041202701075
2001-05-03,-7.967694987957893,-18.777406980241775,-4.934356946779981,-3.166634846761006
2001-05-04,-5.990561741972595,-18.967531185648486,-4.045080589295952,-3.1610574961838225
2001-05-05,-6.322972848930466,-19.58018213272499,-5.0723194395202125,-2.7455065130808953
2001-05-06,-7.224046163404403,-19.475564610364536,-5.476791483310226,-3.362492516832887
2001-05-07,-7.073381757227848,-19.056727930074732,-5.049986895254582,-1.1240048326921785
2001-05-08,-10.474093515646214,-19.79869803143765,-6.013722003629366,-1.1323994123981735
2001-05-09,-9.097386069678219,-17.88176169337976,-5.894223940500792,-1.6243748160103206
2001-05-10,-9.163573023981591,-16.666465480410054,-5.870245967351295,-3.444648163776578
2001-05-11,-7.586840617919632,-18.30429759881178,-6.139174597407715,-2.9436714481326174
2001-05-12,-8.024110880076444,-18.07623706236606,-6.800499707048925,-1.3232795883752109
2001-05-13,-7.361517988103003,-17.33328975456988,-7.640520943364546,-0.09718901384790102
2001-05-14,-5.443568096381114,-18.341851463912395,-7.04283762915964,-2.276691699373046
2001-05-15,-7.3299565572940875,-16.18838394950683,-7.071764375920961,-3.443829040589981
2001-05-16,-5.76779720680628,-15.875731215165692,-5.370332317323217,-3.9671996131797616
2001-05-17,-7.476947421459186,-16.31735699096517,-5.217272540255371,-3.445919881528263
2001-05-18,-6.855384200057533,-15.731224263966618,-4.796951053794607,-2.167319735014284
2001-05-19,-6.470458362301017,-16.35060920296328,-4.761213288937535,-2.569798981423767
2001-05-20,-5.806306483107793,-18.368014401285023,-5.453301777152601,-1.3847574784268024
2001-05-21,-5.476302834847025,-18.122351079008723,-6.515202595152573,-2.1069064351552873
2001-05-22,-6.262476419821745,-18.570011352515753,-6.036795033424383,-1.5285523374014327
2001-05-23,-7.002557045954321,-19.10483351085323,-6.594269417538208,-0.2397040535431818
2001-05-24,-8.79319958870478,-17.194230255550373,-7.9330362781402615,0.5885891533285017
2001-05-25,-10.0693482399161,-16.285879189699962,-7.458341801214919,1.1628695223048031
2001-05-26,-8.319873512412713,-16.257368699040985,-7.173518439895469,2.9749911928380226
2001-05-27,-8.963488775545196,-15.290709267918505,-6.755828608405546,4.659617073674188
2001-05-28,-8.985079412909807,-14.697506242538346,-7.896343329121627,3.72288335199326
2001-05-29,-7.606793098880862,-14.928877393684248,-7.456021479361725,5.346652109051657
2001-05-30,-9.253816846403513,-15.56424229152296,-7.911361977372548,4.580417028218459
2001-05-31,-10.663210652668518,-14.805779630121275,-8.023482514747323,3.3432791848570025
2001-06-01,-12.037237726580358,-15.480102469532428,-8.102765942172814,2.9890602394707453
2001-06-02,-12.045749712048794,-16.367242541349498,-7.86478232947564,2.457297644678433
2001-06-03,-12.374433495487608,-15.25768212737026,-6.983236778345267,1.9879261971092366
2001-06-04,-11.916424466809826,-16.042166683503474,-6.296815825861679,1.0309573760362174
2001-06-05,-13.8323632247901,-15.242970713217773,-6.074389278115492,1.2522196047603673
2001-06-06,-14.480625832700639,-14.248983418406565,-3.962960391844472,0.7059754721015591
2001-06-07,-15.285946021353864,-12.881184583269246,-3.1497841265868742,-0.8790518685208649
2001-06-08,-15.70267650980074,-11.583631727649635,-0.9634905548158246,-0.20034799175307505
2001-06-09,-15.798775737430416,-11.71401870272925,-0.2945002115872979,-1.624504967491191
2001-06-10,-15.84511878669407,-11.697487582541477,0.7629600146468112,-2.670220243706651
2001-06-11,-17.321568315264887,-10.387251912117312,0.29102918348296836,-3.349067782581246
2001-06-12,-18.515001382832253,-10.521278280868236,1.5236503825252437,-3.327285782627572
2001-06-13,-18.12081575731639,-11.229526419785358,3.3475759131845786,-5.917484260319485
2001-06-14,-16.816257238365704,-11.477754501913287,3.9030911881502877,-7.42789649864978
2001-06-15,-16.972449579111533,-10.494322982155252,2.2071253156169197,-7.286605440487805
2001-06-16,-16.045619185291688,-9.96772328536495,1.0792228755026811,-6.824863440426072
2001-06-17,-15.7362305440431,-9.592273769703885,2.494130226715524,-5.53424689653977
2001-06-18,-16.48037523547728,-8.751239115397565,1.092995081543675,-7.024984288289339
2001-06-19,-16.84112437009014,-5.991784062881569,0.6035204358969379,-6.731400025142517
2001-06-20,-16.355190498769396,-5.278208928098296,-0.8072477883446372,-7.626236096416236
2001-06-21,-14.507744887887554,-5.245403452066131,0.2815371662734265,-6.674933905921665
2001-06-22,-14.596412552876174,-5.179490538397564,1.2726467071546579,-8.222860168957254
2001-06-23,-15.633484219196685,-6.567534356855489,2.7762324776893603,-5.955698145809167
2001-06-24,-17.000087342026323,-7.4524960157629065,4.014560196537536,-4.79341309060835
2001-06-25,-17.536556066599346,-7.583727717824315,3.384477720281394,-4.278406014355493
2001-06-26,-15.438596581548152,-7.293341344371232,1.5608084580859347,-3.8788753032654837
2001-06-27,-15.291261803947682,-7.243146306825744,2.409976829796328,-4.56136908012372
2001-06-28,-14.203449679008944,-4.447950299697128,2.057057523729941,-4.748655572714555
2001-06-29,-14.86751462230487,-3.322886281668656,2.4771999752784373,-4.662028476147216
2001-06-30,-15.654964225256638,-3.5380459255275523,2.005029486470832,-7.175319553868505
2001-07-01,-17.650167270108312,-3.1686102035379076,3.711762969488858,-6.647063850163177
2001-07-02,-19.194787727087302,-3.498503232656608,7.13659248060946,-7.590367896764656
2001-07-03,-17.578306206619843,-4.394549476033598,7.972722328933148,-6.9590203070133105
2001-07-04,-18.760682320095565,-4.992662252458155,8.167028929440935,-6.250530536367017
2001-07-05,-16.99033381341692,-3.9806088289951553,7.14573016054047,-5.300350493461439
2001-07-06,-17.670851084108612,-2.887414534441831,7.763667253033808,-5.266216041796244
2001-07-07,-16.903542948730912,-2.333921640315171,8.631787320657226,-7.3024630730423645
2001-07-08,-16.385667776827017,-4.780023515319554,8.94661679736749,-6.147134156450811
2001-07-09,-18.03641717510717,-5.141194874832116,8.01567892657841,-6.4403337719645775
2001-07-10,-17.247415103123387,-5.390815270076381,7.140828401867853,-7.919426325478161
2001-07-11,-14.964111013263906,-3.8608031892609436,9.259552360574284,-7.739266962200219
2001-07-12,-14.112370543572963,-2.2303161291172477,7.925736664878561,-7.274468338572082
2001-07-13,-13.687520638512918,-2.17431607955118,8.853955565889162,-7.218100282529716
2001-07-14,-15.532874105630949,-1.7016383443459409,9.190530639501691,-7.39267295434119
2001-07-15,-15.712747147826919,-0.7320581560275403,10.071454079269998,-7.2633184356076965
2001-07-16,-15.496556952043138,-2.9528334153361913,10.960138835993066,-7.591736238883503
2001-07-17,-15.058701844759081,-4.354829470648179,10.049861797287342,-7.641250188087547
2001-07-18,-13.728515562358911,-4.935276817808628,10.813468265181488,-8.447616221969206
2001-07-19,-14.455826607173774,-5.585107474027979,8.803664714385851,-8.32415412334712
2001-07-20,-13.965945407866812,-6.516272357335505,8.912151267183807,-7.277261525592541
2001-07-21,-13.669004199877378,-5.346921086040402,7.820994250102472,-8.03929311268504
2001-07-22,-14.518588140730342,-4.908534349768034,6.655773684231672,-8.951304308488504
2001-07-23,-14.566616352186216,-4.864744426763217,7.309151794867493,-8.39962565376188
2001-07-24,-13.749121810301673,-3.8708234912833053,7.769406729861958,-9.847691236730277
2001-07-25,-12.58283192113892,-3.4493333657428273,4.758215259702322,-11.03816507991002
2001-07-26,-13.154017702231133,-4.335060884376679,6.135100283864793,-9.703370553260378
2001-07-27,-11.689200089248331,-5.212520215068429,5.713982978860032,-10.114268902292757
2001-07-28,-12.776849571036054,-4.882186087583239,4.6099350719928305,-10.291830940397356
2001-07-29,-13.20761425298137,-6.025480679997159,5.784191091238859,-10.320376562823236
2001-07-30,-12.806487400345043,-5.811136540490331,6.794571164680919,-9.521009000069906
2001-07-31,-12.013197116135364,-6.136618182551426,6.571225203773437,-9.9192619076787
2001-08-01,-11.810194954959409,-5.8531954248248494,7.022819434367582,-9.895433014620012
2001-08-02,-10.975449721032788,-5.17226402625138,7.084634293398106,-9.193063377832134
2001-08-03,-10.142466062113451,-4.832969963832766,6.215352062692384,-9.675340710380674
2001-08-04,-8.802239311716264,-4.030935208254524,5.688943128660313,-10.218711644471496
2001-08-05,-9.475642036006233,-4.756791804387206,6.766741168826487,-8.88338997615073
2001-08-06,-9.753297694170106,-4.887801167884576,5.211227593394467,-8.658345720577337
2001-08-07,-9.837783434656025,-4.892088427619884,4.952403885094787,-8.427570750777564
2001-08-08,-7.503941672417119,-5.064677386204001,5.127632913342669,-8.41399768027946
2001-08-09,-9.300534150352576,-5.749436636468145,5.003764634926755,-7.974786016994181
2001-08-10,-9.02656475037936,-5.721880565963149,4.522706148818857,-8.136187285893437
2001-08-11,-8.090637358987998,-5.782410398076622,4.931679554622617,-7.293504525411269
2001-08-12,-8.673579851466041,-3.89303702167169,5.318572978713821,-8.763726280301315
2001-08-13,-10.114105673082582,-4.67907613205967,5.889984978509286,-8.601946344150823
2001-08-14,-9.45417319999313,-4.052396884249006,5.621648956710575,-9.581946922680663
2001-08-15,-10.647451250308842,-4.449422742568101,6.0088230589786695,-9.921060769399512
2001-08-16,-9.505829937648866,-5.201781764369642,4.63671022159802,-8.278769768623405
2001-08-17,-7.76454870821865,-5.363238812193465,5.735635726722412,-9.530403304964993
2001-08-18,-7.150940250371978,-5.32359391789102,5.62979218166895,-10.079704158749026
2001-08-19,-8.230313572126802,-4.6754815402510115,5.011767672513562,-10.03611669489018
2001-08-20,-9.534655878642834,-6.385934196189048,5.179611348914029,-10.49104993750668
2001-08-21,-10.780087199911176,-5.006392535239603,4.688004802594227,-9.702959706738724
2001-08-22,-9.517773151511136,-4.369572948033285,4.818918238275355,-10.65920470235375
2001-08-23,-9.53352613249593,-3.6535531310114187,6.308910988589941,-9.951880366912519
2001-08-24,-9.834389306362644,-4.483518752615845,5.164884024531995,-10.197981262737464
2001-08-25,-9.640630504565896,-5.131489163206679,4.303748547779101,-11.248733578491276
2001-08-26,-9.76813295866281,-5.100978035951253,5.221228501879597,-10.007011455309101
2001-08-27,-10.469960126238304,-4.211134359008071,4.256468108199824,-9.333790454350513
2001-08-28,-11.498123366935754,-3.0534879779442567,5.459114131180132,-10.387680008197737
2001-08-29,-11.774211291582253,-4.212029730529523,4.895537549161728,-9.666545948846785
2001-08-30,-10.347040826930526,-5.785364261421024,5.939498928374099,-10.35073357437188
2001-08-31,-8.926830410588225,-3.211610561430467,6.858202205485637,-10.709556694108196
2001-09-01,-7.94995521507186,-2.499536336515432,8.23158233674299,-11.489131332451775
2001-09-02,-8.150707275824852,-1.9470973854798577,9.646802838775539,-8.260816260088236
2001-09-03,-7.994568609537885,-1.0294536458047574,9.976026159578435,-8.30271000512575
2001-09-04,-7.076395972370318,-0.2380027406423587,11.29863543916163,-7.4886974776611686
2001-09-05,-6.996700888792414,0.9715495186300233,10.416716410370302,-6.404234091473947
2001-09-06,-6.67927598637525,2.9965946846046605,9.32391541060021,-4.987434835542206
2001-09-07,-6.479051557681741,2.3509357816466907,10.453477375288657,-4.44812936923258
2001-09-08,-6.240519578775205,0.8155238826437068,10.516655298247125,-5.534987938365817
2001-09-09,-6.102581864798446,0.7316404961971531,10.625334914380016,-4.633324392373791
2001-09-10,-6.3369617906745335,-0.2176339996457528,11.15744717106597,-4.618639303958541
2001-09-11,-5.718797790129651,-0.8951313001316897,11.599414298789638,-4.439854506882447
2001-09-12,-4.486144836169958,-0.6409885980683424,10.577185625730747,-4.714837678412689
2001-09-13,-4.393351802211075,-1.5119052394418802,10.957949186842658,-4.512674734520632
2001-09-14,-5.095024694072397,1.239131327273697,10.981038897559001,-5.765644206560718
2001-09-15,-4.376300391989226,0.45584485020196575,12.253077236132857,-5.730548830373683
2001-09-16,-5.590708917473199,2.5407514589402407,12.212724136275131,-5.6209744702593145
2001-09-17,-4.2558708273788906,2.7187885781749195,11.261292753332107,-8.353428453696475
2001-09-18,-3.479498933712968,1.692585570379796,12.162139456431404,-7.051030249999606
2001-09-19,-2.078321914216615,1.3566006155817958,12.81161700394064,-6.1454323807012905
2001-09-20,-1.785228911233185,1.5253294622198084,11.879834084899972,-5.729141211047626
2001-09-21,-4.2674053984075435,-0.6675344619909822,10.988788599238292,-6.269319975621692
2001-09-22,-3.841175268643068,0.217835223574808,11.006477388304504,-6.198024542007069
2001-09-23,-4.007142408858384,-1.3867432489673315,11.456646653820982,-5.8760856110901045
2001-09-24,-4.483522331623092,-1.9562507792862815,11.698942431507335,-5.939828630774982
2001-09-25,-3.4126076122597553,-2.0398483430240937,11.817190754238524,-5.982408593075568
2001-09-26,-3.7682737157587596,-1.965818885090191,11.064126340023979,-6.214354379268659
2001-09-27,-4.5957391454013266,0.2321394918010138,10.413270536810883,-5.914183152147532
2001-09-28,-2.967155605198335,-1.1796364670963593,12.0930807768668,-7.023509254565022
2001-09-29,-4.312389284420279,-2.7641598760885335,11.878300383176763,-9.69867282459825
2001-09-30,-4.986106637814527,-2.8217245185252606,12.150410955627125,-10.828605350897854
2001-10-01,-4.8502827905707475,-1.6555151526209082,14.146511442454722,-9.016714622130383
2001-10-02,-5.015788533938864,-2.6465811628538125,15.357977765564423,-7.348825225710373
2001-10-03,-3.4556875038267636,-1.4119128568412995,16.81837934215639,-6.266777827754113
2001-10-04,-3.9518930384413076,-0.5785218254265808,16.19302997641604,-5.628636116388794
2001-10-05,-1.9838649307476437,-0.8933897183566746,17.69769575778709,-6.751694770516371
2001-10-06,-3.374189609332224,-1.3728791397050963,19.14069388140089,-7.497175268459863
2001-10-07,-3.2802880425722623,-0.35250001410629594,18.394511456580688,-6.844094026812811
2001-10-08,-2.863077817584889,-1.7554750662218377,17.34055241601018,-7.408548938427791
2001-10-09,-3.336453029918246,-1.9168135800585664,16.718155925109656,-7.159154134844371
2001-10-10,-4.071200829492538,-2.0120903266929155,17.191398180583892,-5.572970582926265
2001-10-11,-4.366251130435897,-0.8775085056121406,15.030643762271792,-3.697828452619206
2001-10-12,-5.029933146924573,-1.9482894003868119,14.769705492245874,-4.859107576436362
2001-10-13,-4.404587305451304,-1.9186106451020457,12.82459766262971,-5.665297591322664
2001-10-14,-3.6739200535752374,-3.9899033235142,12.861393315926994,-5.211552620330057
2001-10-15,-4.8101093535850215,-4.756064117051541,12.462895620884561,-5.508893819025164
2001-10-16,-4.988246567632368,-5.173739764260765,11.81292020348814,-4.746000836565823
2001-10-17,-4.348740388338215,-4.959583277586305,11.230687015543964,-5.506235274252985
2001-10-18,-4.236607956059761,-3.154173345347132,11.845139494044961,-6.450763970948235
2001-10-19,-2.956823446939773,-1.0321370629935047,12.19970332828781,-3.7020632617227687
2001-10-20,-3.2638184891909927,-2.0190504857593683,12.218759248382076,-4.7170289407182135
2001-10-21,-2.2619986199998454,-3.743109623333683,12.515205509693889,-5.063877425067666
2001-10-22,-1.9228898745780545,-2.7924368531266763,13.247624040532257,-4.75198852793306
2001-10-23,-0.8106973008715481,-1.4939451368142136,13.394072567407166,-4.854229046260099
2001-10-24,2.132386966189289,-2.235281107773389,13.587417294114644,-6.214838438537162
2001-10-25,1.4383707467960454,-2.4255583559546112,14.239299486150268,-7.865180200806952
2001-10-26,3.3303388746566966,-1.7438221932375693,16.836271038604917,-8.680524420435491
2001-10-27,2.2800065198788113,-1.929434462224754,17.31984239472257,-8.040583315315985
2001-10-28,2.5423652946197186,-1.7643131069182985,16.70167283067788,-8.498989845711012
2001-10-29,1.3864144234535434,-2.6472990946270083,17.18272123634719,-8.597833480411865
2001-10-30,-0.2585011072121415,-2.2734230022126454,17.242532965004635,-9.030906604980634
2001-10-31,-0.40736948872872536,-0.23686707624413206,17.06740301450392,-9.29681804867571
2001-11-01,-1.1140653778913547,-0.5981963589783627,16.250948559218237,-11.305548927386328
2001-11-02,0.084378332198221,-1.3551609197411612,16.849916259210072,-11.579820620374758
2001-11-03,1.1930983889998827,-1.4665640821262131,16.829681706557086,-11.096956867683428
2001-11-04,1.8396031202947536,-1.6115309643623927,18.095239953178712,-11.76789228065205
2001-11-05,1.6847981230342106,-0.8492100772543919,20.837596775733353,-10.298403910957468
2001-11-06,-0.07309594794874252,-0.3689650290257154,19.851972701363813,-10.444687486756822
2001-11-07,-0.1450252168072015,0.32628808827988365,20.125327505811995,-10.822982020663872
2001-11-08,0.5609481815415432,0.558302330835728,20.65815779228439,-10.072208097509666
2001-11-09,1.1603747982250794,0.8374898067951582,19.908286970094082,-10.596540075822778
2001-11-10,0.4190764491426999,0.463992382091205,19.27809064455249,-10.823908412281675
2001-11-11,0.43972168599214756,0.19951902340820488,19.231181715335453,-10.642918841468635
2001-11-12,0.530394965727188,-0.062466020866221605,18.132459602851526,-12.79727345948153
2001-11-13,-0.1956902884095224,-0.5004170968603328,16.37459626971376,-13.503227151975993
2001-11-14,2.0639736880304067,-1.757781062304061,15.947216365933981,-13.835932802983539
2001-11-15,4.050921789034065,-1.156403463682428,16.650894951090823,-14.41194059529665
2001-11-16,4.404934933657051,-1.1844308492019089,16.875022751787974,-12.01604161918165
2001-11-17,3.157828863263947,0.530836867011006,17.079721387207464,-12.687584779260545
2001-11-18,2.7412658866263997,0.7559459922173183,16.70888476852094,-11.271145932165895
2001-11-19,5.397892860058237,-0.6781600622787384,16.551070540342586,-11.156858913981102
2001-11-20,6.174206173514355,-0.07750312160949546,18.28041240261073,-10.17756138392408
2001-11-21,3.6750548116579833,-0.6675208005322208,19.39546595110562,-8.255955954397159
2001-11-22,4.638354299215915,1.617694042230421,19.639682173512337,-8.81900068462669
2001-11-23,4.150666402159636,2.0166132328591653,21.740386950549976,-8.10358521746619
2001-11-24,4.803483691874165,2.845788407458797,21.85335298985313,-8.604892118587046
2001-11-25,4.434856694454511,2.2512073735037488,21.102314874264867,-8.368598279935746
2001-11-26,3.8058174190134344,4.162192038083341,21.394342175866278,-5.888707709328039
2001-11-27,4.319450903981528,4.656119783541802,22.680602619327438,-7.197353493698566
2001-11-28,4.3031147564996415,4.778363071359077,22.604709832006346,-6.670262762623898
2001-11-29,4.529794119040003,4.084284798856286,20.479852669116617,-8.834920288806984
2001-11-30,5.501626338336377,3.995793471621034,21.193504271601142,-9.978876071120895
2001-12-01,6.054730159966525,3.7841827242189963,21.593302242244814,-8.823676330839806
2001-12-02,4.7407024571865355,4.991165999446446,21.538808480612374,-9.85289698421309
2001-12-03,6.351106884779586,5.103770791030665,20.008235060718643,-10.020379330061107
2001-12-04,6.0333328697221,5.848264053463359,19.982075382173424,-9.274095673967725
2001-12-05,6.228536495415529,6.855225878667593,20.426559175662774,-8.665028244058176
2001-12-06,7.497539012540919,6.278272241113863,22.46336670429634,-8.609542204974154
2001-12-07,6.988423555259535,6.6604486303009764,21.082703345794904,-7.935433377710351
2001-12-08,6.854656305986965,6.10903911446453,21.983352749430466,-9.292451036249936
2001-12-09,7.837635113546067,6.592641235376958,22.52143046791897,-9.860014643793004
2001-12-10,8.444563916191525,6.730085375186979,21.75609324777888,-8.893471863066129
2001-12-11,8.753168855085779,5.989193199020914,22.531027347097304,-9.904222090768432
2001-12-12,8.31925453273182,6.568584508329386,23.09603920196363,-9.68717478021897
2001-12-13,7.7227263968913515,5.3992958238072095,24.69337214131894,-8.467679203844073
2001-12-14,7.9459579823946225,6.601713722595761,23.425201088917458,-8.06364239088617
2001-12-15,9.126357969751073,6.785828933522682,22.55482832660873,-8.851074398211027
2001-12-16,10.566770712878952,7.110602705187107,22.597492481478785,-7.368822589997473
2001-12-17,12.88200818527552,7.356078982946459,24.793716378639427,-7.954919437292072
2001-12-18,14.002288902988997,7.560524169879156,22.92479178326682,-7.716903895244628
2001-12-19,13.816441696561734,8.2681387235726,23.41262832126706,-8.04260862344156
2001-12-20,13.87245346871784,6.00186408391769,22.608282011670894,-8.535151315058382
2001-12-21,11.873093572393584,5.988769422927799,23.19495972169615,-9.519451839867443
2001-12-22,10.420775649083378,5.749284543559603,23.001908648030177,-9.3278658286777
2001-12-23,10.252972804199539,4.8326139563693795,23.510267301833068,-9.808218236422611
2001-12-24,9.469555857031798,4.7386809525011335,23.675855473753163,-9.464446688725802
2001-12-25,9.88556752821281,5.250483604038019,25.841578711437705,-8.822086747213397
2001-12-26,10.095926683423377,5.8714019311377506,26.906096531862257,-7.888634054380222
2001-12-27,9.92922104524376,4.920496839935181,28.07420189424597,-7.169132340889028
2001-12-28,10.584938829143287,6.365456526004752,27.334280738402327,-6.535740299511792
2001-12-29,10.814229195346815,6.374723402384458,24.308208235726656,-8.512386622977344
2001-12-30,9.929710610039326,7.380952433859889,24.00998711679177,-7.4029200426641495
2001-12-31,7.499108512492288,6.202471476760287,23.46768429842666,-6.876424423495269
2002-01-01,7.27135350301427,5.483149117584199,23.316504380323703,-7.782878730029916
2002-01-02,7.2167748219713586,4.978215494463635,22.0265163721437,-8.058036367625458
2002-01-03,6.251254415474692,4.019088655655981,23.03437498158769,-9.453977901050223
2002-01-04,5.006086846031203,3.344278953239372,23.829151081706886,-10.818270114318352
2002-01-05,6.2016986574385795,3.2825982848782918,25.080093793335482,-11.452151196561625
2002-01-06,7.298024245817091,3.3182777828705543,25.013151433664508,-11.598926204966682
2002-01-07,5.792852149521479,3.30270512683897,25.609925404577243,-12.194421888102909
2002-01-08,6.959037359517444,1.8164164473993083,23.633072020202196,-12.892894476000293
2002-01-09,8.152573625920391,1.711851035093596,24.67777297856081,-12.421271008955708
2002-01-10,8.935761339476592,0.40130445123189395,24.10967546526153,-10.884938285278249
2002-01-11,8.991482959763722,1.6956079274629459,23.606962794046865,-9.530647034051205
2002-01-12,6.355844582238433,1.7915349932454372,22.8218789653633,-9.50196714879113
2002-01-13,7.358723245284034,3.257335974945424,21.760523009692296,-11.479018770991344
2002-01-14,7.2493766031428475,5.481945010942699,20.836506487014294,-13.422724841753197
2002-01-15,7.842147258697049,4.331030580571203,20.161318103998916,-14.706281966438231
2002-01-16,7.293108847461166,5.249458936384121,18.721813932742243,-15.5461729452567
2002-01-17,7.125480461564991,3.2827446029641814,18.365721100208063,-13.454409300121798
2002-01-18,6.8070777555253015,3.13758388783123,17.17030745229485,-13.841246791399985
2002-01-19,7.386457634488989,2.3513910784028482,17.642593667830475,-13.500981122879555
2002-01-20,6.700200550220129,2.626345500622521,17.98048444289211,-14.317653095252108
2002-01-21,7.106053043669888,2.7402508774475565,16.180237952573375,-14.471751480750779
2002-01-22,7.57184122474608,3.532168638953642,14.672227478553243,-14.213853265949181
2002-01-23,6.453973873858172,2.017338457627009,12.569946467894113,-17.13155566831363
2002-01-24,7.122250975567558,3.060161986380489,13.14294711251608,-14.763629864652344
2002-01-25,6.439355989926208,4.645016525315613,14.184880596476722,-14.453875723694708
2002-01-26,6.086979813536697,6.107210777185816,13.69639691964342,-13.936815354416725
2002-01-27,6.227113836746069,4.716256144185447,14.210433662956898,-15.829096328874927
2002-01-28,6.72491889732941,6.789032639997601,12.884040393189137,-16.6164084491442
2002-01-29,6.737140876419997,6.13632014989721,14.090393418097033,-16.2874823503009
2002-01-30,7.709642152753103,7.537678980687511,14.183451358114297,-16.527558600812153
2002-01-31,7.545303105211354,6.705497718002753,13.72093923239515,-18.492532656719824
2002-02-01,6.5440377635023985,7.143218104799969,13.129252092805439,-19.35721613772568
2002-02-02,7.460415497435187,8.321215997716887,12.553946327967815,-20.028855295190166
2002-02-03,8.298956099836616,8.976294024667109,11.37655889253245,-21.646301051898792
2002-02-04,7.041310413239885,9.51622716917252,10.365533498983819,-22.283406828476817
2002-02-05,7.814142162719846,10.409886798097531,10.563288606295767,-21.803802107320426
2002-02-06,9.525095584632542,9.756476251744933,11.171105796922612,-21.82209021897859
2002-02-07,9.545602553319231,9.303745795896125,12.26505606467884,-23.10116156281447
2002-02-08,10.441627038848454,8.106213940794152,11.346567448370271,-22.643506212416575
2002-02-09,9.548196030399692,6.9056416017399735,10.876531356134716,-21.38439174794371
2002-02-10,9.246857683238366,7.542911353105391,11.053452193295632,-23.164824862775163
2002-02-11,8.365938571310714,8.907421599690036,10.225745409671884,-23.0029357937814
2002-02-12,8.026069931459816,9.699466480502043,11.703809902617502,-22.959256546563186
2002-02-13,6.984371780148055,9.935529683110648,11.033816986496637,-22.00763093883966
2002-02-14,6.005468177327132,9.991243136012756,10.850318554693438,-22.281772887395686
2002-02-15,5.951182997279186,10.799441384258925,9.664499108969874,-21.129008551756403
2002-02-16,6.914959870323779,10.868719546377077,9.678018615590581,-20.128039032979512
2002-02-17,5.598398651464459,10.973426140937235,9.019007498074908,-22.024171407024035
2002-02-18,5.661585238447728,12.571049026773611,8.897281513065623,-22.327818920402635
2002-02-19,5.2564815145340225,13.415870717696798,8.975292233270613,-22.10958489698446
2002-02-20,5.061858917705652,12.185584285253832,9.61205723536341,-19.879670467457963
2002-02-21,5.699829547806596,11.188141232430935,9.451836190800112,-18.756194883681935
2002-02-22,6.538815589205284,9.860720115872036,8.251335419200277,-17.87180886343736
2002-02-23,6.519785885520195,9.6582261890213,9.544383886175128,-18.784126177616386
2002-02-24,6.832852131974075,11.313592699427808,9.887194789201336,-20.143460765272483
2002-02-25,6.476360217289845,10.892094263972325,10.115409554845511,-21.489186128840412
2002-02-26,5.526595745062892,11.467624958023366,9.244421489971064,-19.23630134487731
2002-02-27,4.984038466426232,13.060091887404152,9.308443774098858,-20.770036877449233
2002-02-28,6.006453729836242,12.65821944279088,11.204052984519732,-17.798753789881193
2002-03-01,5.676864120664766,12.514523734967344,11.495246742216377,-16.84019588097318
2002-03-02,5.350901515770209,13.088703599835645,12.002459523668193,-15.17910654345795
2002-03-03,5.18725165325895,12.519972216295944,12.552206767563582,-14.8324142798934
2002-03-04,4.9772208584888356,12.39498666320525,12.74860815813211,-14.177802653831447
2002-03-05,5.946206648105931,13.260257683924587,12.024907093965716,-14.489161365363405
2002-03-06,5.064693534615475,13.45155281749601,11.426182139250304,-13.122488331725684
2002-03-07,4.392791524219344,14.742901260574843,11.46027323256405,-12.922071384815403
2002-03-08,3.754081067667035,16.051082634685354,11.880845101099144,-12.085297359347775
2002-03-09,4.16173294995436,15.765468004827028,11.29960902127395,-10.495315959405627
2002-03-10,4.9388866708723596,17.256856490653718,12.83295911609759,-11.61147021596787
2002-03-11,5.306632166646181,16.388039389710862,12.482625667070906,-13.234913946166676
2002-03-12,5.446237057255283,14.342048518131639,12.87027374983547,-12.967290808103701
2002-03-13,5.847841181629518,14.920883817584214,14.260893373580839,-12.218229626468434
2002-03-14,7.4492024855993115,15.320248555795395,16.378332319183883,-12.02195023428775
2002-03-15,6.825891418607396,15.597406541758119,14.920606470016795,-12.844779580628764
2002-03-16,7.495954791402599,15.604424902935467,15.140192088802651,-13.477136923942423
2002-03-17,6.188507611933724,15.025101227639286,13.366249053294649,-12.874452965179982
2002-03-18,6.471680909376769,14.195676738604108,11.241559763463556,-13.820965401963475
2002-03-19,8.198270329749366,13.798451844968378,11.705154615416696,-13.16976791703999
2002-03-20,8.087923205677754,14.6834373524062,12.15511721446922,-13.599254669858311
2002-03-21,6.4566580112282885,13.542887652367828,10.519670832400854,-14.575178128151183
2002-03-22,6.086162627433969,13.391527502633394,10.94851850088825,-13.670468085248663
2002-03-23,5.025353067352272,12.667073070854014,11.049386375143042,-13.05438868494267
2002-03-24,3.1488311359004557,11.599105609586097,11.479808623472083,-12.534573303635412
2002-03-25,3.050074145929833,11.324016221436175,12.433807244364846,-11.91105996705337
2002-03-26,2.6426553817847354,11.001979735983877,13.696135068346699,-10.251229009495175
2002-03-27,2.0575847877872415,10.268210461778674,14.003901219886112,-10.317429101386955
2002-03-28,1.9167701588350194,11.574581552472194,15.209843161095593,-9.25464876956112
2002-03-29,1.5838834890054683,12.176939168155188,12.501575307730592,-8.182586523529482
2002-03-30,2.841677016904465,9.91549290024262,13.703709220816432,-7.824437296078567
2002-03-31,0.4823776019640369,9.933010092727566,14.123511689592181,-7.304037086991401
2002-04-01,1.0455054999610618,10.06169887581954,14.05563369928219,-6.365033360849102
2002-04-02,0.6938782777273176,11.571656936058769,14.908998789048836,-6.324461693512879
2002-04-03,0.8947113231606532,10.743737614074258,14.668885849560487,-5.475913177009299
2002-04-04,2.2848103570311,10.667353124021533,13.539649262672492,-3.885263005104421
2002-04-05,4.49609452269665,11.64870876745623,12.28680154904297,-6.096636758614906
2002-04-06,4.2474944168155675,12.538792352541215,11.726824050356248,-4.961977485930577
2002-04-07,4.731752788403844,13.159572034977591,12.374065552383144,-5.6198698916758545
2002-04-08,6.061289514986973,13.700363030013412,12.791176563112167,-6.599609023013677
2002-04-09,6.408086517701798,14.606725922722323,12.398870274019735,-5.325663788027259
2002-04-10,7.23544691521955,15.236724223547377,13.441424794375168,-4.61634687476663
2002-04-11,7.834869762929226,16.262983935917955,14.97974627675218,-4.469985445241816
2002-04-12,8.638706239174306,15.659285189556027,15.848099729909434,-3.611268310046281
2002-04-13,9.01730765034091,13.922323404481277,15.140171041670033,-4.172887866388742
2002-04-14,9.175988312223433,13.077750917691795,14.439730800636482,-5.224441164216097
2002-04-15,10.000160000838802,13.78190807309676,13.105424441305253,-6.504879387702986
2002-04-16,10.975046480758412,17.200179676180657,14.879400577456531,-5.491846528627862
2002-04-17,10.699561751772883,15.915691877994876,16.008065190595364,-6.414061777586003
2002-04-18,11.121267470672246,16.19128183916731,14.672898956680404,-5.749323028023458
2002-04-19,11.36828862685286,16.289640745223554,14.051984315215604,-6.0314728040051095
2002-04-20,11.91849249890168,14.200680122852333,13.922165836881593,-6.409023480908134
2002-04-21,12.714465068728535,13.094282321159854,14.407353458980602,-5.4300052741832285
2002-04-22,12.584880538407512,14.602050110334297,13.81604164960917,-6.4123742644942805
2002-04-23,14.279364977814486,15.341085481025068,10.972588433470248,-8.058269886729635
2002-04-24,15.201963013143907,15.788355752775702,10.385613081804761,-9.712834646143362
2002-04-25,14.196666259735567,15.82516560316308,10.383942131123993,-7.9791041889071215
2002-04-26,14.911697407055366,13.556653916699295,11.138342613422697,-7.831174035760625
2002-04-27,13.546287178257595,14.11335205216015,12.851518031810514,-7.803459301069678
2002-04-28,13.932955947938929,13.926472711328444,11.839741234930656,-7.511139365472325
2002-04-29,15.59143567364171,13.604438387009127,11.272501586062749,-6.425023063869228
2002-04-30,14.899993457122626,14.382946290875857,13.207016721445584,-4.0591926064310595
2002-05-01,14.10433318176866,14.510604129397779,14.622974352796648,-4.164901911442142
2002-05-02,13.502947056934074,16.364195015046135,14.930283221180535,-2.429496104228706
2002-05-03,13.625716185306914,18.39878272832699,14.485444981209485,-3.117550061911542
2002-05-04,12.565746042564662,17.552865119616637,15.971425882732142,-4.856478394739679
2002-05-05,13.42946879683069,17.379984768056197,14.718717795736538,-6.0044721656254865
2002-05-06,13.4534916788729,17.88638032049499,14.05494950280088,-5.5793265130405745
2002-05-07,13.16196692860534,16.239945246758907,14.654401668711868,-3.4354233290843283
2002-05-08,12.848945775835658,16.637973548340433,16.39416363833288,-3.389593483499565
2002-05-09,12.516749155121529,16.977212656735514,17.731591001957938,-3.8900181418014594
2002-05-10,13.115607235229586,18.4719645869695,17.05844503303703,-4.347930044229947
2002-05-11,12.480179587881839,17.6923161154057,17.065875836402803,-5.141088470438688
2002-05-12,13.289157940113867,17.329688935924963,16.708716068046794,-5.009907134382769
2002-05-13,14.367108676113052,17.58851165066558,16.318510960569974,-6.259005375135645
2002-05-14,15.408549441845043,16.928477101086997,15.716019282545819,-5.693335101754082
2002-05-15,15.991844248492576,16.629962533505445,15.50822017864284,-4.807263045293567
2002-05-16,16.600305384831664,16.101950666709893,16.205022712096206,-4.930692676768464
2002-05-17,15.598111769096072,16.551752342167724,15.31644195317911,-4.405534628618058
2002-05-18,14.828570395165833,16.508126363377176,15.716428794213627,-3.8654642528341663
2002-05-19,15.092090162207006,15.624368631600456,17.542638596824922,-6.073092500101849
2002-05-20,14.837980113309992,17.024966372159323,16.817917352465535,-7.630986156888621
2002-05-21,14.001090136681153,18.11688869252997,16.19824367704292,-6.587787816241265
2002-05-22,12.030168168885613,16.764985219964256,17.6896492649949,-6.4311149370868295
2002-05-23,9.076490443255908,16.39859603103256,19.688906168791743,-5.952893847653833
2002-05-24,10.068286682463429,16.49104942801843,19.71548840270303,-7.078469200462797
2002-05-25,9.445393794758274,16.108058253166064,19.30216326431408,-6.561543653549908
2002-05-26,8.24869430886802,15.414052281840483,20.232249698292044,-5.353242646156284
2002-05-27,7.069822035232654,16.177683062567418,20.869369182093664,-4.920301415259349
2002-05-28,6.312555774629366,15.235780222879301,21.076599939457104,-5.619080315062473
2002-05-29,5.893240018032744,17.29793154899726,23.746434543311537,-3.838445342733097
2002-05-30,4.639717458507112,15.81744053555941,23.447700652562773,-2.3917321724667846
2002-05-31,6.123285408665396,14.378934711588014,25.251278030825492,-1.1869397373027535
2002-06-01,6.618872435705604,14.237537712037891,25.689211228377324,-1.6382448604281172
2002-06-02,6.464979434524789,15.427254948746882,25.91989321032572,0.0008647298838020401
2002-06-03,7.246663482397423,15.232862683437308,24.887141219435982,-0.0024569822987546537
2002-06-04,7.207531013772239,15.680335953834327,23.550808917971526,0.08380089913226793
2002-06-05,7.8067985300386615,16.15121900087404,23.60741550464762,-1.696185730765135
2002-06-06,9.867893353549123,17.306693866689095,24.902496176907558,-1.3648932383554087
2002-06-07,9.103913561743736,16.94033360486744,24.172932078555814,-1.814464046012507
2002-06-08,9.98324773748975,16.04420424060913,26.734804822089604,-1.0272670914433772
2002-06-09,11.367457650112192,15.237572310229002,27.868869145200055,-1.4430485966916584
2002-06-10,11.308746178793193,16.391660690723544,27.915464319307027,-1.2422243625279086
2002-06-11,10.950617449411284,16.418153377699475,27.94947114142538,-2.764124608725137
2002-06-12,12.24229428278462,15.451230840456319,28.495659910403482,-4.010983026353851
2002-06-13,10.900897231749315,13.534713741692688,27.73857817167094,-4.970522538616776
2002-06-14,10.430106204608267,14.492111468904703,26.82609169148861,-5.73073066437978
2002-06-15,9.421599560292178,14.960636270300048,26.131819407302743,-6.17695159160683
2002-06-16,10.264668890452954,14.878252754282578,26.99171978533438,-5.4544806751945485
2002-06-17,10.338003645893899,13.470129256698627,27.79456943562579,-5.0083929782083105
2002-06-18,9.769893342551615,14.548992293549684,27.415281551693646,-6.800537034659898
2002-06-19,10.02283898098789,14.495733339857553,27.315050997902684,-8.395530924432926
2002-06-20,11.837553601966187,14.791197796706447,24.870557550189545,-7.6786646291134675
2002-06-21,11.979721697657618,15.789473175018653,24.456328297295844,-6.951964291987383
2002-06-22,12.232776555745971,16.877778387725055,23.444897120907328,-7.391311152130456
2002-06-23,13.575335637667367,17.883912280310536,22.7031544339537,-8.632852741638889
2002-06-24,13.501068699936674,18.162467252181113,22.16699515711586,-9.545070648531096
2002-06-25,12.058328673829276,18.014920059946483,21.398647943170463,-9.487881118037008
2002-06-26,10.23993860357848,16.765582915346187,19.976449434485527,-9.54400831049711
2002-06-27,10.249544106480018,17.559014992942966,20.53490780045826,-9.052566921209293
2002-06-28,8.894549761967838,18.879919386843763,20.25323639909404,-7.0894332999255525
2002-06-29,10.399731930416007,19.14124556976097,21.74895790756803,-7.967475357230854
2002-06-30,8.561703557875145,18.18081947890232,22.947579260579406,-7.213232980153109
2002-07-01,9.248574906278693,18.287017438347895,22.524635182646175,-8.710402521498388
2002-07-02,9.47458599197446,20.26894412183259,21.67063373416728,-9.587479110678466
2002-07-03,10.350425463045404,18.285857316763337,23.77163675024475,-8.001183257001147
2002-07-04,11.455584627991907,18.673384636036605,23.61043168657268,-6.836151959654127
2002-07-05,13.466470294966554,18.817185670893746,21.681621378623994,-6.590359628645117
2002-07-06,14.535755493571662,21.206031577350714,23.58726801005808,-6.063275929823508
2002-07-07,15.457821558221989,21.799652476796687,22.25853843871126,-3.6882764878958136
2002-07-08,15.624077091664724,20.89892139986702,21.799898101943164,-2.363267364441877
2002-07-09,15.163960132726416,21.582004219388253,20.819781314404437,-1.8309503477082574
2002-07-10,14.545151168088903,21.454144720466797,21.7858840963411,-2.0526278605314054
2002-07-11,14.914579055203822,20.868381226982684,23.651857371494806,-1.4440074567660752
2002-07-12,13.34953710363127,21.44038296468951,25.19490950237145,0.401031765899184
2002-07-13,14.800811905669367,19.54511319197586,26.164348994842424,0.4977086501910515
2002-07-14,14.517326560842307,19.49605490031484,25.660493392037033,2.4221116756973298
2002-07-15,14.600291019147553,19.87927765722156,24.357808508534,1.2787234094005415
2002-07-16,12.576769230525038,18.51031282622325,24.09721713520374,2.0109905455546526
2002-07-17,9.964800004513144,17.81236358515414,26.833733426448433,3.6101159023549476
2002-07-18,9.61232346492838,18.612202606545218,25.552736376502097,3.582834485156347
2002-07-19,9.077662635744975,16.84545014777254,26.282139283102225,2.9732118108939427
2002-07-20,8.562762322348286,15.256317947326115,25.74282393647248,2.1341608021563827
2002-07-21,9.023322806982222,14.729501948251002,24.343503860184935,2.8745317523760177
2002-07-22,8.334532399230026,13.31681029618196,24.38255774108076,3.0112212934888496
2002-07-23,7.7187314017456705,12.330763603239426,25.25469624879773,1.9936466158375619
2002-07-24,6.208512336379087,13.05434633609573,26.484679733532438,2.586558222775756
2002-07-25,4.849477533836836,12.819095785840258,26.593364029188642,2.9498472728290936
2002-07-26,6.536432648588619,12.968323031127326,26.290266233382315,4.343156994899265
2002-07-27,6.177053574190344,12.223984365558414,25.132497306735864,4.478248497527034
2002-07-28,5.017035097870959,11.466528147146331,25.381839084632045,4.525999226198337
2002-07-29,4.309132662290467,12.148845093576409,23.58344041610537,6.534355168491352
2002-07-30,2.3816548501980925,11.131277857323688,22.927454672211123,6.0374899617732325
2002-07-31,3.136880352075714,11.352814086102933,23.715753412427325,5.159329358330925
2002-08-01,2.9536639201756834,10.568025493270895,25.405685419811277,3.721123307613013
2002-08-02,2.9582561545012065,10.102473285979535,25.012280274213964,2.5383893018327672
2002-08-03,3.179982473903242,10.955328444226684,24.689939252191937,2.8109149862433447
2002-08-04,2.419180608678694,11.651367031968533,23.78722297077434,2.5196389632933602
2002-08-05,3.1098716604361947,12.749889820159126,23.46307025790143,1.0166524762475697
2002-08-06,2.386676482452439,14.098430499228813,23.985708306941948,-0.4641516697491974
2002-08-07,3.156013101173472,14.198398366628414,25.917208294292255,-2.4805701412826817
2002-08-08,3.1389727548791444,14.286370343078161,26.478912971463508,-1.7645959476333437
2002-08-09,1.6139121998262251,14.172632966333683,26.939474020147006,-1.9137232039541767
2002-08-10,1.7884089747804284,15.287992834224312,26.250707054015155,-0.3024923527789367
2002-08-11,1.5681335131463576,14.971701132349235,26.28365093159727,0.8012490755037887
2002-08-12,2.1552584620179056,15.468378940478285,24.815464896514413,1.0005552713135917
2002-08-13,3.85324224224132,14.846096206883514,26.435933097670222,0.046361205461064925
2002-08-14,5.017902656322048,15.224761462958137,26.075411647933326,0.2919180332092245
2002-08-15,4.541017929760454,15.024489052806551,26.477120878409874,-0.3744935571993282
2002-08-16,6.080400372577877,15.979731974041439,27.204396065459637,0.7169128054991343
2002-08-17,6.461719388725927,15.358988761418736,26.404549432307345,0.715217365537354
2002-08-18,7.080743215720275,17.749749190601417,26.70044750353773,-1.9219677136127964
2002-08-19,5.8690578414952626,18.234558764902857,26.045687710867774,-3.395304475264162
2002-08-20,6.618513661560907,17.79312234829788,25.21848491435069,-4.435118713628594
2002-08-21,5.725813741058361,18.677557793556254,24.29730384671919,-5.149733599823853
2002-08-22,6.877283478814061,19.56165392113891,23.317904319098215,-5.8113390210494345
2002-08-23,6.29422674998062,19.884785409267188,24.499121736628986,-6.56893636598674
2002-08-24,6.14640826566358,20.144480344940117,24.67284288689547,-6.151530812342079
2002-08-25,5.6043419974546085,21.24740215259471,24.168346183550195,-7.267623079409298
2002-08-26,4.217488242315129,20.55470592744362,24.079733019690266,-9.178398856597092
2002-08-27,5.275747594060813,21.03054411689507,23.349396623068934,-8.178057659866173
2002-08-28,3.9365251139680555,19.564301525597546,23.999590246036043,-9.705917481342613
2002-08-29,2.9819972581079877,19.997945364522252,23.891511108752006,-10.98459082281117
2002-08-30,3.1860914573204866,19.312911198637895,23.115402684619188,-11.678577552308749
2002-08-31,4.78899724660281,18.632121837781614,21.77516873659023,-10.939791365932571
2002-09-01,2.9077565906611023,18.386855596586187,20.82472826779415,-12.15028876994791
2002-09-02,1.4487728565181202,17.160886495989686,21.7607735719885,-12.305240345642034
2002-09-03,0.7137073379486725,17.425389502347596,23.144959248767577,-12.382023276103828
2002-09-04,0.12277902963623322,16.640373914572212,24.219434171647116,-10.724350107225618
2002-09-05,0.4208672042471,17.15570202244588,24.148792652521045,-11.496389377987073
2002-09-06,-0.6375557257505717,15.85565458679853,23.9858962351535,-10.437718616256014
2002-09-07,-2.801176274715222,15.544396990538777,23.533125155894872,-10.133399774746838
2002-09-08,-2.547501904795552,16.07210285373927,23.81545920023318,-8.761063345937579
2002-09-09,-2.659879702870132,16.1288131141726,24.834781069495794,-12.063472105846952
2002-09-10,-4.223861751242559,15.100596390366956,25.028155532006917,-13.28345802867162
2002-09-11,-3.7111307522846677,14.486642638171045,25.085601909856326,-11.61718589276144
2002-09-12,-2.900365890754817,13.91210249347874,24.225452498870872,-11.390702151131407
2002-09-13,-2.528229003546673,13.276212029900163,25.147687937479724,-11.545997861830847
2002-09-14,-3.3897381271166513,13.368086606044479,24.129835681483392,-10.808296226731828
2002-09-15,-3.114257901936011,14.319115880952292,24.611349797365335,-11.567629432597894
2002-09-16,-3.153649067098171,13.917949550307881,23.583717263208865,-11.135810935317568
2002-09-17,-1.5236630577477863,15.842647631438442,21.486350771575456,-9.631013079357816
2002-09-18,-1.7055220479844233,15.696397468401404,23.699693213805492,-10.131716582457958
2002-09-19,-1.862456563293235,15.551486457875187,21.63316088485038,-12.239413423462445
2002-09-20,-2.8243034148194894,15.08395171894851,21.713092429763925,-12.612130369440012
2002-09-21,-1.0638224746481535,14.32451087911441,22.391503007142546,-12.467877428207412
2002-09-22,-1.0053395977704565,14.617548834408236,21.612763854937256,-12.771889211779039
2002-09-23,-2.8600940940987245,14.559185799085414,21.56564428392767,-13.98029501696328
2002-09-24,-3.750755423846341,14.698871836501004,21.688001779858144,-13.89175105542389
2002-09-25,-3.9884467201369205,13.68203645530527,21.911075197585703,-14.840024432188047
2002-09-26,-3.85331014299106,15.120023982098358,20.52439213044366,-16.187454066439454
